INSERT INTO `customers` (name, last_name, payment_method, created_at, updated_at) VALUES ('Mai', 'Sakurajima', 'Credit Card', '2023-01-01 10:00:00', '2023-01-05 14:30:00'), ('Hitagi', 'Senjougahara', 'PayPal', '2023-02-15 11:15:00', '2023-02-18 16:45:00'), ('Kurumi', 'Tokisaki', 'Debit Card', '2023-03-10 09:20:00', '2023-03-12 12:00:00'), ('Erza', 'Scarlet', 'Bank Transfer', '2023-04-05 13:50:00', '2023-04-10 15:30:00'), ('Lucy', 'Heartfilia', 'Credit Card', '2023-05-20 08:30:00', '2023-05-22 09:00:00'), ('Yumeko', 'Yabami', 'PayPal', '2023-06-01 14:00:00', '2023-06-03 16:15:00'), ('Yui', 'Hirasawa', 'Debit Card', '2023-07-10 10:10:00', '2023-07-15 11:20:00'), ('Zero', 'Two', 'Bank Transfer', '2023-08-12 17:45:00', '2023-08-18 18:30:00');
INSERT INTO `students` (id, name, lastname) VALUES (1, 'Mai', 'Sakurajima'), (2, 'Hitagi', 'Senjougahara'), (3, 'Kurumi', 'Tokisaki'), (4, 'Erza', 'Scarlet'), (5, 'Lucy', 'Heartfilia'), (6, 'Yumeko', 'Yabami'), (7, 'Yui', 'Hirasawa'), (8, 'Zero', 'Two');
INSERT INTO courses (id, title, instructor) VALUES (1, 'C# Programming', 'Wendy Marvell'), (2, 'C++ Programming', 'Rem'), (3, 'Spring Framework', 'Emilia'), (4, 'Django Framework', 'Betty');
INSERT INTO addresses (street, number) VALUES ('Main Street', 123), ('Second Street', 456), ('Third Street', 789), ('Fourth Street', 1011);
INSERT INTO customer_address (customer_id, address_id) VALUES (1, 1), (2, 2), (3, 3), (4, 4);
INSERT INTO customer_details (prime, accumulated_points, customer_detail_id) VALUES (true, 100, 1), (false, 50, 2), (true, 200, 3), (false, 150, 4);
INSERT INTO students_courses (student_id, course_id) VALUES (1, 1), (1, 2), (2, 2), (3, 3), (4, 4), (5, 1), (6, 2), (7, 3), (8, 4);
INSERT INTO invoices (description, amount, customer_id) VALUES ('Invoice 1', 100, 1), ('Invoice 2', 200, 2), ('Invoice 3', 300, 3), ('Invoice 4', 400, 4), ('Invoice 5', 500, 5), ('Invoice 6', 600, 6), ('Invoice 7', 700, 7), ('Invoice 8', 800, 8);